<?xml version="1.0" encoding="UTF-8"?>
<project-private xmlns="http://www.netbeans.org/ns/project-private/1">
    <editor-bookmarks xmlns="http://www.netbeans.org/ns/editor-bookmarks/2" lastBookmarkId="0"/>
    <open-files xmlns="http://www.netbeans.org/ns/projectui-open-files/2">
        <group>
            <file>file:/C:/Users/choua/OneDrive/Desktop/reclamation/src/entite/Reserv.java</file>
            <file>file:/C:/Users/choua/OneDrive/Desktop/reclamation/src/entite/Event.java</file>
            <file>file:/C:/Users/choua/OneDrive/Desktop/reclamation/src/GUI/InterfaceUserEvent.fxml</file>
            <file>file:/C:/Users/choua/OneDrive/Desktop/reclamation/src/GUI/InterfaceGestionStations.fxml</file>
            <file>file:/C:/Users/choua/OneDrive/Desktop/reclamation/src/utile/DataSource.java</file>
            <file>file:/C:/Users/choua/OneDrive/Desktop/reclamation/src/service/ServiceReserv.java</file>
            <file>file:/C:/Users/choua/OneDrive/Desktop/reclamation/src/GUI/mainfx.java</file>
            <file>file:/C:/Users/choua/OneDrive/Desktop/reclamation/src/GUI/InterfaceGestionCatt.fxml</file>
            <file>file:/C:/Users/choua/OneDrive/Desktop/reclamation/src/GUI/InterfaceGestionEvent.fxml</file>
            <file>file:/C:/Users/choua/OneDrive/Desktop/reclamation/nbproject/build-impl.xml</file>
            <file>file:/C:/Users/choua/OneDrive/Desktop/reclamation/src/GUI/InterfaceConsulterEvent.fxml</file>
            <file>file:/C:/Users/choua/OneDrive/Desktop/reclamation/src/GUI/InterfaceGestionVeloController.java</file>
            <file>file:/C:/Users/choua/OneDrive/Desktop/reclamation/src/GUI/InterfaceGestionVelo.fxml</file>
            <file>file:/C:/Users/choua/OneDrive/Desktop/reclamation/src/GUI/RepondreReclamation.fxml</file>
            <file>file:/C:/Users/choua/OneDrive/Desktop/reclamation/src/service/IEventServie.java</file>
            <file>file:/C:/Users/choua/OneDrive/Desktop/reclamation/src/GUI/InterfaceConsulterEventController.java</file>
            <file>file:/C:/Users/choua/OneDrive/Desktop/reclamation/src/GUI/InterfaceReclamationController.java</file>
            <file>file:/C:/Users/choua/OneDrive/Desktop/reclamation/src/GUI/InterfaceUserEventController.java</file>
            <file>file:/C:/Users/choua/OneDrive/Desktop/reclamation/src/GUI/InterfaceUser.fxml</file>
            <file>file:/C:/Users/choua/OneDrive/Desktop/reclamation/src/GUI/InterfaceEventController.java</file>
            <file>file:/C:/Users/choua/OneDrive/Desktop/reclamation/src/GUI/InterfaceVeloController.java</file>
            <file>file:/C:/Users/choua/OneDrive/Desktop/reclamation/src/GUI/InterfaceGestionStationsController.java</file>
            <file>file:/C:/Users/choua/OneDrive/Desktop/reclamation/src/GUI/InterfaceGestionEventController.java</file>
            <file>file:/C:/Users/choua/OneDrive/Desktop/reclamation/src/GUI/InterfaceChangerEtat.fxml</file>
            <file>file:/C:/Users/choua/OneDrive/Desktop/reclamation/src/entite/User.java</file>
            <file>file:/C:/Users/choua/OneDrive/Desktop/reclamation/src/service/ServiceEvent.java</file>
            <file>file:/C:/Users/choua/OneDrive/Desktop/reclamation/src/GUI/InterfaceStationController.java</file>
            <file>file:/C:/Users/choua/OneDrive/Desktop/reclamation/src/ecobikego/main.java</file>
        </group>
    </open-files>
</project-private>
